Experiment,Epsilon,Alpha,NDCG@10,Hit@10,Accuracy
Centralized Baseline,N/A,N/A,0.22501065427109246,0.38,0.05495
DP Sweep,1,0.5,0.0484 ± 0.0020,0.0433 ± 0.0125,0.0308 ± 0.0006
DP Sweep,2,0.5,0.0586 ± 0.0082,0.0833 ± 0.0094,0.0300 ± 0.0001
DP Sweep,4,0.5,0.0482 ± 0.0022,0.0567 ± 0.0094,0.0261 ± 0.0010
DP Sweep,8,0.5,0.0660 ± 0.0059,0.0967 ± 0.0125,0.0167 ± 0.0002
DP Sweep,∞,0.5,0.0553 ± 0.0156,0.0867 ± 0.0249,0.0000 ± 0.0000
Heterogeneity Sweep,∞,0.1,0.0571 ± 0.0151,0.0700 ± 0.0082,0.0000 ± 0.0000
Heterogeneity Sweep,∞,0.5,0.0553 ± 0.0156,0.0867 ± 0.0249,0.0000 ± 0.0000
Heterogeneity Sweep,∞,1.0,0.0406 ± 0.0309,0.0433 ± 0.0330,0.0000 ± 0.0000
